<?xml version='1.0' encoding='UTF-8'?>
<templates id='template' xml:space='preserve'>
    <t t-name="pyecharts_template">
        <div id="main" style="width:100%; height:100%; overflow:scroll;">
            <div class="container-fluid">
                <div id="ech" class="row" style="padding-top:10px">

                    <div class="col-12 col-sm-6 col-md-3">
                        <div class="info-box">
                          <span class="info-box-icon bg-info elevation-1"><i class="fas fa-cog"></i></span>
                            <div class="info-box-content">
                            <span class="info-box-text">CPU Traffic</span>
                                <span class="info-box-number">
                              10
                              <small>%</small>
                            </span>
                          </div>
                        </div>
                    </div>
                    <div class="col-12 col-sm-6 col-md-3">
                        <div class="info-box mb-3">
                          <span class="info-box-icon bg-danger elevation-1"><i class="fas fa-thumbs-up"></i></span>
                            <div class="info-box-content">
                            <span class="info-box-text">Likes</span>
                                <span class="info-box-number">41,410</span>
                          </div>
                        </div>
                    </div>

                    <div class="col-12 col-sm-6 col-md-3">
                        <div class="info-box mb-3">
                          <span class="info-box-icon bg-success elevation-1"><i class="fas fa-shopping-cart"></i></span>
                            <div class="info-box-content">
                            <span class="info-box-text">Sales</span>
                                <span class="info-box-number">760</span>
                          </div>
                        </div>
                    </div>
                    <div class="col-12 col-sm-6 col-md-3">
                        <div class="info-box mb-3">
                          <span class="info-box-icon bg-warning elevation-1"><i class="fas fa-users"></i></span>
                            <div class="info-box-content">
                            <span class="info-box-text">New Members</span>
                                <span class="info-box-number">2,000</span>
                          </div>
                        </div>
                    </div>

                    <!--<div class="col-md-9">-->
                        <!--<div id="bar1" style="width:100%; height:400px;"></div>-->
                    <!--</div>-->
                        <!--<div class="col-md-3">-->
                        <!--<div id="bar2" style="width:100%; height:400px;"></div>-->
                    <!--</div>-->

                </div>
            </div>
        </div>
    </t>
</templates>
